{
  "features": [
    "kd_diff",
    "strike_diff",
    "td_diff",
    "acc_diff",
    "td_acc_diff",
    "chin_diff",
    "crazy_power_diff"
  ],
  "accuracy": 0.8784530386740331,
  "precision": 0.9027027027027027,
  "recall": 0.9175824175824175,
  "f1": 0.9100817438692098,
  "timestamp": "20260129_095125",
  "n_fights": 5426,
  "model_type": "RandomForest",
  "n_trees": 100
}